{
    "languages": ["Français", "English", "Espagnol"],
    "translation": [
{
	    "Français": "Guide d'Utilisateur",
            "English": "User guide",
            "Espagnol": "Instrucciones de uso"
},
{
            "Français": "INCLICS: INqc - CLimatol - Indices Climatiques - Spcc",
            "English": "INCLICS: INqc - CLimatol - Climate Indices - Spcc",
            "Espagnol": "INCLICS: INqc - Climatol -  ́índices Climáticos - Spcc"
        },
        {
            "Français": "CONTROLE QUALITE AVEC INQC",
            "English": "QUALITY CONTROL WITH INQC",
            "Espagnol": "CONTROL DE CALIDAD CON INQC"
        },
{
            "Français": "Recharger la session",
            "English": "Reload the software",
            "Espagnol": "Recargar el software"
        },
{
            "Français": "Choisir une liste de station",
            "English": "Choose a station list",
            "Espagnol": "Elegir lista de estaciones"
        },
{
            "Français": "Sélectionner une liste de station:",
            "English": "Select a station list:",
            "Espagnol": "Seleccionar una lista de estaciones:"
        },
{
            "Français": "Lancer INQC",
            "English": "Launch INQC",
            "Espagnol": "Iniciar INQC"
        },
{
            "Français": "Visualiser les resultats",
            "English": "View the results",
            "Espagnol": "Visualizar los resultados"
        },
{
            "Français": "QC en format Rclimdex",
            "English": "QC RClimdex format",
            "Espagnol": "Formato QC RClimdex"
        },
{
            "Français": "Liste des stations",
            "English": "List of stations",
            "Espagnol": "Lista de estaciones"
        },
{
            "Français": "Cartographie des stations",
            "English": "Mapping of stations",
            "Espagnol": "Mapeo de estaciones"
        },
{
            "Français": "Choisir un element",
            "English": "Choose an element",
            "Espagnol": "Elegir un elemento"
        },
{
            "Français": "Choisir une station",
            "English": "Choose a station",
            "Espagnol": "Elegir una estación"
        },
{
            "Français": "Choisir le type de resultats",
            "English": "Choose the type of results",
            "Espagnol": "Elegir el tipo de resultados"
        },

{
            "Français": "Erreurs_certaines",
            "English": "True_errors",
            "Espagnol": "Errores_ciertos"
        },
{
            "Français": "Presque_erreurs",
            "English": "Almost_errors",
            "Espagnol": "Casi_errores"
        },
{
            "Français": "Valeurs_aberrantes",
            "English": "Outliers",
            "Espagnol": "Valores_aberrantes"
        },
{
            "Français": "Collectivement_suspect",
            "English": "Collectively_suspicious",
            "Espagnol": "Colectivamente_sospechosos"
        },
        {
            "Français": "HOMOGENEISATION AVEC CLIMATOL",
            "English": "HOMOGENEIZATION WITH CLIMATOL",
            "Espagnol": "HOMOGENEIZACIÓN CON CLIMATOL"
        },
{
            "Français": "Annee de debut",
            "English": "Start year",
            "Espagnol": "Año Inicio"
        },
{
            "Français": "Annee de fin",
            "English": "End year",
            "Espagnol": "Año Final"
        },
{
            "Français": "Preparer les donnees",
            "English": "Prepare the data",
            "Espagnol": "Preparar los datos"
        },
{
            "Français": "Lancer Climatol",
            "English": "Run Climatol",
            "Espagnol": "Activar Climatol"
        },
{
            "Français": "Tester les données",
            "English": "Test data",
            "Espagnol": "Datos de prueba"
        },
{
            "Français": "Homogéneiser les données",
            "English": "Homogenize the data",
            "Espagnol": "Homogeneizar datos"
        },
        {
            "Français": "INDICES CLIMATIQUES",
            "English": "CLIMATE INDICES",
            "Espagnol": "ÍNDICES CLIMÁTICOS"
        },
{
            "Français": "Reference annee debut",
            "English": "Start year reference",
            "Espagnol": "Año de inicio del periodo de referencia"
        },
{
            "Français": "Reference annee fin",
            "English": "End year reference",
            "Espagnol": "Año final del periodo de referencia"
        },
{
            "Français": "Commencer le calcul",
            "English": "Start calculation",
            "Espagnol": "Calcular los índices"
        },
{
            "Français": "Afficher les figures",
            "English": "Show Figures",
            "Espagnol": "Mostrar figuras"
        },
{
            "Français": "Choisir entête",
            "English": "Choose header",
            "Espagnol": "Elegir tipo de variable"
        },
{
            "Français": "Calculer les indices",
            "English": "Calculate indices",
            "Espagnol": "Calcular índices"
        },
{
            "Français": "Choisir un index",
            "English": "Choose an index",
            "Espagnol": "Elegir un índice"
        },
{
            "Français": "<strong>OUTIL DE SERVICE CLIMATIQUE POUR L'AGRICULTURE</strong> développé par:",
            "English": "<strong>CLIMATE SERVICE TOOL FOR AGRICULTURE</strong> developed by:",
            "Espagnol": "<strong>HERRAMIENTA DE SERVICIO CLIMÁTICO PARA LA AGRICULTURA</strong> desarrollada por:"
        },
{
            "Français": "INCLICS est une application cree par LUC RANDRIAMAROLAZA(a,b), ENRIC AGUILAR(a) et JOSE A. GUIJJARO(c)<br/><br/>a) Centre for Climate Change, C3, URV, Tarragona, Espagne<br/><br/>b) Direction Generale de la Meteorologie, Madagascar<br/><br/>c) Agencia Estatal de Meteorología (AEMET), Espagne<br/> <br/> <br/>L'objectif est d'avoir un simple outil qui permet d'assurer la qualite des produits climatiques. Ceci est le cas du service climatique envers le secteur Agriculture.<br/> <br/>Cet logiciel est distribue sous LGPL licence. Visite http://www.gnu.org/licenses/lgpl.htm pour plus d'information.<br/> ",
            "English": "INCLICS is an application created by LUC RANDRIAMAROLAZA(a,b), ENRIC AGUILAR(a) and JOSE A. GUIJJARO(c)<br/><br/>a) Center for Climate Change, C3, URV, Tarragona, Spain<br/><br/>b) General Directorate of Meteorology, Madagascar<br/><br/>c) Agencia Estatal de Meteorología (AEMET), Spain<br/> <br/> <br/>The objective is to have a simple tool that ensures the quality of climate products. This is the case of the climate service for the Agriculture sector.<br/> <br/>This software is distributed under an LGPL license. Visit http://www.gnu.org/licenses/lgpl.htm for more information.<br/>",
            "Espagnol": "INCLICS es una aplicación creada por LUC RANDRIAMAROLAZA(a,b), ENRIC AGUILAR(a) y JOSE A. GUIJJARO(c)<br/><br/>a) Centro de Cambio Climático, C3, URV, Tarragona, España<br/><br/>b) Dirección General de Meteorología, Madagascar<br/><br/>c) Agencia Estatal de Meteorología (AEMET), España<br/> <br/> <br/>El objetivo es tener una herramienta sencilla que asegure la calidad de los productos climáticos. Este es el caso del servicio de clima para el sector Agricultura.<br/> <br/>Este software se distribuye bajo licencia LGPL. Visite http://www.gnu.org/licenses/lgpl.htm para obtener más información.<br/>"
        },
{
            "Français": "Apres avoir bien confirme ce metadata<br/>vous pouvez maintenant demarrer le QC en appuyant sur \"Lancer INQC\".<br/> <br/>Veuillez attendre que des messages s'affichent.",
            "English": "After confirming this metadata<br/>you can now start the QC by pressing \"Launch INQC\".<br/> <br/>Please wait for messages to appear.",
            "Espagnol": "Después de confirmar estos metadatos<br/>ahora puede iniciar el control de calidad presionando \"Iniciar INQC\".<br/> <br/>Espere a que aparezcan los mensajes."
        },
{
            "Français": "Le controle de la qualite des donnees est fini.<br/> <br/>Vous pouvez visualiser les resultats en appuyant sur \"Visulaser les resultats\"<br/> <br/>Puis créer le QC en format RClimdex en appuyant sur \"QC en format RClimdex\"",
            "English": "The data quality control is finished.<br/> <br/>You can view the results by pressing \"View results\"<br/> <br/>Then create the QC in RClimdex format by pressing on \"QC in RClimdex format\"",
            "Espagnol": "El control de calidad de los datos ha finalizado.<br/> <br/>Puede ver los resultados presionando \"Ver resultados\"<br/> <br/>Luego cree el control de calidad en formato RClimdex presionando \"QC en Formato RClimdex\""
        },

{
            "Français": "Veuillez corriger les erreurs et revenir vers l'etape 3. Pour faire, veuillez rebooter le logiciel en appuyant sur \"Recharger le logiciel\".<br/> <br/>Sinon, Creer les donnees pour Climatol en appuyant sur \"preparer les donnees\" apres lancer Climatol en appuyant sur \"Lancer Climatol\" pour homogeneiser les donnees QC.\"<br/> <br/>Veuillez attendre que des messages s'affichent.",
            "English": "Please correct the errors and go back to step 3. To do this, please reboot the software by pressing \"Reload software\".<br/> <br/>If not, Create the data for Climatol by pressing \"prepare data\" after launching Climatol by pressing \"Run Climatol\" to homogenize the QC data.\"<br/> <br/>Please wait for messages to appear.",
            "Espagnol": "Corrija los errores y vuelva al paso 3. Para hacer esto, reinicie el software presionando \"Recargar software\".<br/> <br/>Si no es así, cree los datos para Climatol presionando \"preparar data\" después de iniciar Climatol presionando \"Iniciar Climatol\" para homogeneizar los datos de control de calidad.\"<br/> <br/>Espere a que aparezcan los mensajes."
        },
{
            "Français": "La transformation en format Rclimdex de QC est fini.",
            "English": "Transformation to Rclimdex QC format is finished.",
            "Espagnol": "La transformación al formato Rclimdex QC ha finalizado."
        },
{
            "Français": "La preparation des donnees est terminee.",
            "English": "Data preparation is complete.",
            "Espagnol": "La preparación de datos está completa."
        },
{
            "Français": "<br/>Lancer Climatol.",
            "English": "<br/>Run Climatol.",
            "Espagnol":"<br/>Iniciar Climatol."
        },
{
            "Français": "- Tout d'abord, tester les donnees s'il existe des donnees manquantes<br/> <br/>- Veuillez bien lire les messages affichees<br/><br/>- En cas de données manquantes, veuillez creer des donnees de reference avec la plateforme \"ClimateEngine\"<br/> <br/>- Copier les donnees de reference dans le repertoire principal (c-a-d homogenisation)<br/> <br/>- Puis recharger le logiciel ou la session<br/> <br/>- Appuyer sur \"preparer les donnees\"<br/> <br/>- Appuyer sur \"lancer climatol<br/> <br/>- Enfin homogeneiser les données.",
            "English": "- First, test the data if there is missing data<br/> <br/>- Please read the displayed messages carefully<br/><br/>- In case of missing data, please create reference data with the \"ClimateEngine\" platform<br/> <br/>- Copy the reference data into the main directory (i.e. homogenization)<br/> <br/>- Then reload the software or the session< br/> <br/>- Press \"prepare the data\"<br/> <br/>- Press \"launch climatol<br/> <br/>- Finally homogenize the data.",
            "Espagnol": "- Primero, pruebe los datos si faltan datos<br/> <br/>- Lea atentamente los mensajes mostrados<br/><br/>- En caso de que falten datos, cree datos de referencia con \" Plataforma ClimateEngine\"<br/> <br/>- Copie los datos de referencia en el directorio principal (es decir, homogeneización)<br/> <br/>- Luego vuelva a cargar el software o la sesión< br/> <br/>- Pulsar \"preparar los datos\"<br/> <br/>- Pulsar \"lanzar climatol<br/> <br/>- Finalmente homogeneizar los datos."
        },
{
            "Français":"Climatol a fini d'homogeneiser les donnees.<br/> <br/>- Vous pouvez continuer sur \"INDICES CLIMATIQUES\" et \"SPCC\"",
            "English": "Climatol has finished homogenizing the data.<br/> <br/>- You can continue on \"CLIMATE INDICES\" and \"SPCC\"",
            "Espagnol": "Climatol ha terminado de homogeneizar los datos.<br/> <br/>- Puede continuar en \"ÍNDICES CLIMÁTICOS\" y \"SPCC\""
        },
{
            "Français": "Veuillez choisir l'entête des données et appuyer sur \"Calculer les indices\" pour le lancer.<br/> <br/>Veuillez attendre que des messages s\"affichent.",
            "English": "Please choose the data header and press \"Calculate Indices\" to launch it.<br/> <br/>Please wait for messages to appear.",
            "Espagnol": "Elija el encabezado de datos y presione \"Calcular índices\" para iniciarlo.<br/> <br/>Espere a que aparezcan los mensajes."
        },
{
	   "Français": "Début: ",
            "English": "Onset: ",
            "Espagnol":"Comienzo: "
},

{
	    "Français": "Fin: ",
            "English": "Cessation: ",
            "Espagnol":"Cesación: "
},

{
	    "Français": "La saison de pluie avec la méthode anomalie cumulée sont:",
            "English": "The rainy season with the cumulative anomaly method are:",
            "Espagnol":"Las temporadas de lluvias con el método de anomalía acumulativa son:"
},

{
            "Français": "Le calcul des indices est termine.<br/> <br/>Vous pouvez maintenant afficher les indices en appuyant sur \"Afficher les figures\"",
            "English": "The calculation of the indices is complete.<br/> <br/>You can now display the indices by pressing \"Show figures\"",
            "Espagnol": "El cálculo de los índices está completo.<br/> <br/>Ahora puede mostrar los índices presionando \"Mostrar cifras\""
        },
{
            "Français": "Si vous avez fini d'analyser les figures<br/> <br/>Vous pouvez analyser la saison pluvieuse et developper les calendriers culturaux en appuyant sur \"SPCC\"",
            "English": "If you have finished analyzing the figures<br/> <br/>You can analyze the rainy season and expand the cropping calendars by pressing \"SPCC\"",
            "Espagnol": "Si ha terminado de analizar las cifras<br/> <br/>Puede analizar la temporada de lluvias y ampliar los calendarios de cultivos presionando \"SPCC\""
        },
{	   "Français": "Veuillez verifier que le SPCC est active dans un de votre navigateur.<br/> <br/>Si vous voulez revenir sur la page d'acceuil, appuyer sur \"Recharger la session\"<br/><br/>Si Vous voulez le stopper, il faut fermer la fenetre et arreter la session dans \"jobs\"",
            "English": "Please check that the SPCC is active in one of your browser.<br/> <br/>If you want to return to the home page, press \"Reload the software\"<br/><br/> If you want to stop it, you have to close the window and stop the session in \"jobs\"",
            "Espagnol": "Por favor, compruebe que el SPCC está activo en uno de sus navegadores.<br/> <br/>Si desea volver a la página de inicio, presione \"Recargar el software\"<br/><br/> Si quieres detenerlo, tienes que cerrar la ventana y detener la sesión en \"jobs\""
        },
{
            "Français": "SAISON PLUVIEUSE ET CALENDRIER DE CULTURE",
            "English": "RAINY SEASON AND CROP CALENDARS",
            "Espagnol": "TEMPORADA DE LLUVIA Y CALENDARIO DE CULTIVOS"
        }

    ]
}